640cf83e36fab3522dc69f6a, Topic 0
640cf83e36fab3522dc69f6b, Topic 1
640cf83e36fab3522dc69f6c, Topic 2
640cf83e36fab3522dc69f6d, Topic 3
640cf83e36fab3522dc69f6e, Topic 4
640cf83e36fab3522dc69f6f, Topic 5
640cf83e36fab3522dc69f70, Topic 6
640cf83e36fab3522dc69f71, Topic 7
640cf83e36fab3522dc69f72, Topic 8
640cf83e36fab3522dc69f73, Topic 9
640cf83e36fab3522dc69f74, Topic 10
640cf83e36fab3522dc69f75, Topic 11
640cf83e36fab3522dc69f76, Topic 12
640cf83e36fab3522dc69f77, Topic 13
640cf83e36fab3522dc69f78, Topic 14
640cf83e36fab3522dc69f79, Topic 0
640cf83e36fab3522dc69f7a, Topic 1
640cf83e36fab3522dc69f7b, Topic 2
640cf83e36fab3522dc69f7c, Topic 3
640cf83e36fab3522dc69f7d, Topic 4
640cf83e36fab3522dc69f7e, Topic 5
640cf83e36fab3522dc69f7f, Topic 6
640cf83e36fab3522dc69f80, Topic 7
640cf83e36fab3522dc69f81, Topic 8
640cf83e36fab3522dc69f82, Topic 9
640cf83e36fab3522dc69f83, Topic 10
640cf83e36fab3522dc69f84, Topic 11
640cf83e36fab3522dc69f85, Topic 12
640cf83e36fab3522dc69f86, Topic 13
640cf83e36fab3522dc69f87, Topic 14
640cf83e36fab3522dc69f88, Topic 0
640cf83e36fab3522dc69f89, Topic 1
640cf83e36fab3522dc69f8a, Topic 2
640cf83e36fab3522dc69f8b, Topic 3
640cf83e36fab3522dc69f8c, Topic 4
640cf83e36fab3522dc69f8d, Topic 5
640cf83e36fab3522dc69f8e, Topic 6
640cf83e36fab3522dc69f8f, Topic 7
640cf83e36fab3522dc69f90, Topic 8
640cf83e36fab3522dc69f91, Topic 9
640cf83e36fab3522dc69f92, Topic 10
640cf83e36fab3522dc69f93, Topic 11
640cf83e36fab3522dc69f94, Topic 12
640cf83e36fab3522dc69f95, Topic 13
640cf83e36fab3522dc69f96, Topic 14
640cf83e36fab3522dc69f97, Topic 0
640cf83e36fab3522dc69f98, Topic 1
640cf83e36fab3522dc69f99, Topic 2
640cf83e36fab3522dc69f9a, Topic 3
640cf83e36fab3522dc69f9b, Topic 4
640cf83e36fab3522dc69f9c, Topic 5
640cf83e36fab3522dc69f9d, Topic 6
640cf83e36fab3522dc69f9e, Topic 7
640cf83e36fab3522dc69f9f, Topic 8
640cf83e36fab3522dc69fa0, Topic 9
640cf83e36fab3522dc69fa1, Topic 10
640cf83e36fab3522dc69fa2, Topic 11
640cf83e36fab3522dc69fa3, Topic 12
640cf83e36fab3522dc69fa4, Topic 13
640cf83e36fab3522dc69fa5, Topic 14
640cf83e36fab3522dc69fa6, Topic 0
640cf83e36fab3522dc69fa7, Topic 1
640cf83e36fab3522dc69fa8, Topic 2
640cf83e36fab3522dc69fa9, Topic 3
640cf83e36fab3522dc69faa, Topic 4
640cf83e36fab3522dc69fab, Topic 5
640cf83e36fab3522dc69fac, Topic 6
640cf83e36fab3522dc69fad, Topic 7
640cf83e36fab3522dc69fae, Topic 8
640cf83e36fab3522dc69faf, Topic 9
640cf83e36fab3522dc69fb0, Topic 10
640cf83e36fab3522dc69fb1, Topic 11
640cf83e36fab3522dc69fb2, Topic 12
640cf83e36fab3522dc69fb3, Topic 13
640cf83e36fab3522dc69fb4, Topic 14
640cf83e36fab3522dc69fb5, Topic 0
640cf83e36fab3522dc69fb6, Topic 1
640cf83e36fab3522dc69fb7, Topic 2
640cf83e36fab3522dc69fb8, Topic 3
640cf83e36fab3522dc69fb9, Topic 4
640cf83e36fab3522dc69fba, Topic 5
640cf83e36fab3522dc69fbb, Topic 6
640cf83e36fab3522dc69fbc, Topic 7
640cf83e36fab3522dc69fbd, Topic 8
640cf83e36fab3522dc69fbe, Topic 9
640cf83e36fab3522dc69fbf, Topic 10
640cf83e36fab3522dc69fc0, Topic 11
640cf83e36fab3522dc69fc1, Topic 12
640cf83e36fab3522dc69fc2, Topic 13
640cf83e36fab3522dc69fc3, Topic 14
640cf83e36fab3522dc69fc4, Topic 0
640cf83e36fab3522dc69fc5, Topic 1
640cf83e36fab3522dc69fc6, Topic 2
640cf83e36fab3522dc69fc7, Topic 3
640cf83e36fab3522dc69fc8, Topic 4
640cf83e36fab3522dc69fc9, Topic 5
640cf83e36fab3522dc69fca, Topic 6
640cf83e36fab3522dc69fcb, Topic 7
640cf83e36fab3522dc69fcc, Topic 8
640cf83e36fab3522dc69fcd, Topic 9
640cf83e36fab3522dc69fce, Topic 10
640cf83e36fab3522dc69fcf, Topic 11
640cf83e36fab3522dc69fd0, Topic 12
640cf83e36fab3522dc69fd1, Topic 13
640cf83e36fab3522dc69fd2, Topic 14
640cf83e36fab3522dc69fd3, Topic 0
640cf83e36fab3522dc69fd4, Topic 1
640cf83e36fab3522dc69fd5, Topic 2
640cf83e36fab3522dc69fd6, Topic 3
640cf83e36fab3522dc69fd7, Topic 4
640cf83e36fab3522dc69fd8, Topic 5
640cf83e36fab3522dc69fd9, Topic 6
640cf83e36fab3522dc69fda, Topic 7
640cf83e36fab3522dc69fdb, Topic 8
640cf83e36fab3522dc69fdc, Topic 9
640cf83e36fab3522dc69fdd, Topic 10
640cf83e36fab3522dc69fde, Topic 11
640cf83e36fab3522dc69fdf, Topic 12
640cf83e36fab3522dc69fe0, Topic 13
640cf83e36fab3522dc69fe1, Topic 14
640cf83e36fab3522dc69fe2, Topic 0
640cf83e36fab3522dc69fe3, Topic 1
640cf83e36fab3522dc69fe4, Topic 2
640cf83e36fab3522dc69fe5, Topic 3
640cf83e36fab3522dc69fe6, Topic 4
640cf83e36fab3522dc69fe7, Topic 5
640cf83e36fab3522dc69fe8, Topic 6
640cf83e36fab3522dc69fe9, Topic 7
640cf83e36fab3522dc69fea, Topic 8
640cf83e36fab3522dc69feb, Topic 9
640cf83e36fab3522dc69fec, Topic 10
640cf83e36fab3522dc69fed, Topic 11
640cf83e36fab3522dc69fee, Topic 12
640cf83e36fab3522dc69fef, Topic 13
640cf83e36fab3522dc69ff0, Topic 14
640cf83e36fab3522dc69ff1, Topic 0
640cf83e36fab3522dc69ff2, Topic 1
640cf83e36fab3522dc69ff3, Topic 2
640cf83e36fab3522dc69ff4, Topic 3
640cf83e36fab3522dc69ff5, Topic 4
640cf83e36fab3522dc69ff6, Topic 5
640cf83e36fab3522dc69ff7, Topic 6
640cf83e36fab3522dc69ff8, Topic 7
640cf83e36fab3522dc69ff9, Topic 8
640cf83e36fab3522dc69ffa, Topic 9
640cf83e36fab3522dc69ffb, Topic 10
640cf83e36fab3522dc69ffc, Topic 11
640cf83e36fab3522dc69ffd, Topic 12
640cf83e36fab3522dc69ffe, Topic 13
640cf83e36fab3522dc69fff, Topic 14